dataset,field_id,type,description,coverage,alphaCount,userCount,score
pv1,close,MATRIX,Daily close price,1.0,602986,57208,687.533
pv1,cap,MATRIX,Daily market capitalization (in millions),1.0,426116,35742,491.76800000000003
pv1,returns,MATRIX,Daily returns,1.0,388918,38536,487.139
pv1,volume,MATRIX,Daily volume,1.0,359894,40025,480.072
pv1,adv20,MATRIX,Average daily volume in past 20 days,1.0,109445,19760,253.52249999999998
analyst4,anl4_adjusted_netincome_ft,MATRIX,Adjusted net income - forecast type (revision/new/...),0.8706,51888,26336,244.68400000000003
pv1,vwap,MATRIX,Daily volume weighted average price,1.0,72805,20441,238.60750000000002
pv1,high,MATRIX,Daily high price,1.0,60783,15635,208.56650000000002
pv1,low,MATRIX,Daily low price,1.0,53253,14815,200.7015
pv1,open,MATRIX,Daily open price,1.0,59107,13831,198.7085
socialmedia12,scl12_buzz,MATRIX,relative sentiment volume,1.0,22083,14670,184.3915
option8,implied_volatility_call_270,MATRIX,Implied volatility of the at-the-money call for the stock with an expiration 270 calendar days from the measurement date,0.9729,14480,9737,153.21499999999997
option8,implied_volatility_put_270,MATRIX,Implied volatility of the at-the-money put for the stock with an expiration 270 calendar days from the measurement date,0.9727,13895,9626,152.3475
pv1,sharesout,MATRIX,Daily outstanding shares (in millions),1.0,31681,7036,151.0205
option9,pcr_oi_270,MATRIX,"Ratio of put open interest to call open interest for options expiring in 270 days, indicating longer-term position skew",0.9838,14126,8956,150.223
analyst4,anl4_ptp_flag,MATRIX,Pretax income - forecast type (revision/new/...),0.8289,26234,10190,146.957
option8,implied_volatility_call_120,MATRIX,Implied volatility of the at-the-money call for the stock with an expiration 120 calendar days from the measurement date,0.9729,13514,6731,137.702
analyst4,anl4_epsr_flag,MATRIX,"GAAP Earnings - estimation type (revision/new/...), per share",0.8742,15123,7360,131.7815
analyst4,anl4_bvps_flag,MATRIX,Book value per share - forecast type (revision/new/...),0.8223,17862,7928,130.801
pv1,split,MATRIX,Stock split ratio,1.0,19575,4118,130.3775
pv1,dividend,MATRIX,Dividend,1.0,12636,4764,130.138
analyst4,anl4_netdebt_flag,MATRIX,Net debt - forecast type (revision/new/...),0.8602,16615,6743,128.04250000000002
analyst4,anl4_netprofit_flag,MATRIX,Net profit - forecast type (revision/new/...),0.8778,13716,6675,128.013
analyst4,anl4_tbve_ft,MATRIX,Tangible Book Value per Share - forecast type (revision/new/...),0.9305,10582,5617,126.42599999999999
analyst4,anl4_flag_erbfintax,MATRIX,Earnings before interest and taxes - forecast type (revision/new/...),0.8184,12623,6909,122.6965
analyst4,anl4_gric_flag,MATRIX,Gross income - forecast type (revision/new/...),0.8951,10160,5536,122.27000000000001
analyst4,anl4_ebit_value,MATRIX,Earnings before interest and taxes - announced financial value,0.9483,16610,3637,121.32
socialmedia12,snt_buzz,MATRIX,"Negative relative sentiment volume measure for current day, with missing values filled as 0",1.0,9646,3286,121.25300000000001
analyst4,anl4_ptpr_flag,MATRIX,Reported Pretax income - forecast type (revision/new/...),0.9008,10386,5118,120.863
option8,implied_volatility_call_180,MATRIX,Implied volatility of the at-the-money call for the stock with an expiration 180 calendar days from the measurement date,0.9729,7637,3912,120.6685
option8,implied_volatility_call_1080,MATRIX,Implied volatility of the at-the-money call for the stock with an expiration 1080 calendar days from the measurement date,0.9729,8856,3733,120.38299999999998
option8,implied_volatility_call_60,MATRIX,Implied volatility of the at-the-money call for the stock with an expiration 60 calendar days from the measurement date,0.9729,7617,3830,120.24849999999999
option8,implied_volatility_put_120,MATRIX,"At-the-money implied volatility of put options with 120 calendar days to expiration, annualized decimal",0.9727,7676,3687,119.54299999999999
option8,implied_volatility_put_180,MATRIX,"At-the-money implied volatility of put options with 180 calendar days to expiration, annualized decimal",0.9727,6626,3648,118.82300000000001
model51,unsystematic_risk_last_360_days,MATRIX,"The portion of return variance not explained by SPY (idiosyncratic risk), calculated as 1 minus R² over the last 360 calendar days",0.937,12199,3765,118.62450000000001
analyst4,anl4_cff_flag,MATRIX,Cash Flow From Financing Activities - forecast type (revision/new/...),0.8244,8781,6175,117.7055
analyst4,actuals_value_currency_code,MATRIX,Pricing Currency where the security trades,1.0,4274,3003,117.152
socialmedia12,snt_buzz_bfl,MATRIX,"Negative relative sentiment volume measure for current day, with missing values filled as 1",1.0,6118,2743,116.774
option8,implied_volatility_mean_10,MATRIX,The average of IvCall10 and IvPut10,0.9688,7273,2998,115.50649999999999
socialmedia8,snt_social_value,MATRIX,Z-score of sentiment,1.0,5331,2497,115.1505
option8,implied_volatility_put_60,MATRIX,Implied volatility of the at-the-money put for the stock with an expiration 60 calendar days from the measurement date,0.9727,5229,2976,114.7645
analyst4,anl4_totassets_flag,MATRIX,Total Assets - forecast type (revision/new/...),0.8122,13174,5355,114.58200000000001
analyst4,min_adjusted_net_income_guidance,MATRIX,Adjusted net income - minimum guidance value,1.0,3181,2522,114.2005
analyst4,anl4_netprofit_number,MATRIX,Net profit - number of estimations,0.7667,10304,6467,114.15700000000001
option8,parkinson_volatility_120,MATRIX,Historical Parkinson volatility for approximately 120 calendar days,0.9801,4849,2680,113.83449999999999
option8,implied_volatility_call_150,MATRIX,Implied volatility of the at-the-money call for the stock with an expiration 150 calendar days from the measurement date,0.9729,5685,2712,113.6925
socialmedia8,snt_social_volume,MATRIX,Normalized tweet volume,1.0,5181,2205,113.61550000000001
pv13,rel_num_all,MATRIX,number of the companies whose product overlapped with the instrument,0.9939,5393,2134,112.7565
analyst4,anl4_ffo_flag,MATRIX,Funds from Operation - forecast type (revision/new/...),1.0,6302,1734,111.821
option8,implied_volatility_call_10,MATRIX,Implied volatility of the at-the-money call for the stock with an expiration 10 calendar days from the measurement date,0.9729,4802,2392,111.65099999999998
analyst4,anl4_rd_exp_flag,MATRIX,Research and Development Expense - forecast type (revision/new/...),0.9754,4226,2394,111.623
option8,implied_volatility_put_150,MATRIX,"At-the-money implied volatility of put options with 150 calendar days to expiration, annualized decimal",0.9727,4835,2335,111.3625
socialmedia12,snt_buzz_ret,MATRIX,negative return of relative sentiment volume,1.0,4047,1866,111.3535
option8,historical_volatility_120,MATRIX,Historical close-to-close volatility for approximately 120 calendar days,0.98,4457,2161,111.0335
option8,historical_volatility_180,MATRIX,Historical close-to-close volatility for approximately 180 calendar days,0.9796,4665,2130,110.94250000000001
option8,implied_volatility_call_30,MATRIX,Implied volatility of the at-the-money call for the stock with an expiration 30 calendar days from the measurement date,0.9729,4991,2229,110.9305
option8,implied_volatility_mean_120,MATRIX,The average of IvCall120 and IvPut120,0.9688,3884,2371,110.67699999999999
option8,implied_volatility_call_360,MATRIX,Implied volatility of the at-the-money call for the stock with an expiration 360 calendar days from the measurement date,0.9729,4172,2086,109.80599999999998
option8,implied_volatility_put_90,MATRIX,Implied volatility of the at-the-money put for the stock with an expiration 90 calendar days from the measurement date,0.9727,4386,2038,109.65299999999999
model51,unsystematic_risk_last_90_days,MATRIX,"The portion of return variance not explained by SPY (idiosyncratic risk), calculated as 1 minus R² over the last 90 calendar days",0.9619,4631,2229,109.6505
socialmedia12,scl12_sentiment,MATRIX,sentiment,1.0,3711,1544,109.5755
pv13,pv13_reveremap,MATRIX,Mapping data,0.9924,3877,1678,109.5685
analyst4,anl4_qf_az_eps_number,MATRIX,Earnings per share - number of estimations,0.7848,11515,5059,109.53250000000001
option8,implied_volatility_call_90,MATRIX,Implied volatility of the at-the-money call for the stock with an expiration 90 calendar days from the measurement date,0.9729,4703,1946,109.3715
option9,pcr_oi_180,MATRIX,"Ratio of total put option open interest to call option open interest for options expiring in 180 days, representing longer-term positioning",0.9838,2918,1860,109.139
analyst4,sales_estimate_count,MATRIX,Sales - number of estimations,1.0,2007,1529,108.6485
option8,implied_volatility_put_30,MATRIX,Implied volatility of the at-the-money put for the stock with an expiration 30 calendar days from the measurement date,0.9727,3952,1819,108.341
analyst4,sales_estimate_count_quarterly,MATRIX,Sales - number of estimations,1.0,1858,1433,108.09400000000001
option8,implied_volatility_call_720,MATRIX,Implied volatility of the at-the-money call for the stock with an expiration 720 calendar days from the measurement date,0.9729,3483,1796,108.0115
analyst4,est_eps,MATRIX,Earnings per share - mean of estimations,0.7848,8920,5000,107.94
analyst4,max_adjusted_net_income_guidance,MATRIX,The maximum guidance value for Adjusted net income.,1.0,1665,1342,107.54249999999999
option8,implied_volatility_put_360,MATRIX,Implied volatility of the at-the-money put for the stock with an expiration 360 calendar days from the measurement date,0.9727,3154,1654,107.11699999999999
option8,parkinson_volatility_180,MATRIX,Historical Parkinson volatility for approximately 180 calendar days,0.9796,3015,1502,106.9775
analyst4,anl4_capex_flag,MATRIX,Capital Expenditures - forecast type (revision/new/...),0.8506,7258,3633,106.85400000000001
option8,implied_volatility_put_720,MATRIX,Implied volatility of the at-the-money put for the stock with an expiration 720 calendar days from the measurement date,0.9727,2618,1594,106.54899999999999
socialmedia12,snt_value,MATRIX,"Negative sentiment score/indicator for current day, with missing values filled as 0",1.0,2758,1025,106.504
pv13,pv13_revere_key_sector_total,MATRIX,Number of key focus sectors for the company,0.9334,4055,2209,106.41250000000001
pv13,rel_ret_all,MATRIX,Averaged one-day return of the companies whose product overlapped with the instrument,0.9613,3001,1692,106.09050000000002
analyst4,anl4_cfi_flag,MATRIX,Cash Flow From Investing - forecast type (revision/new/...),0.8287,5427,4035,105.7585
option8,implied_volatility_mean_180,MATRIX,The average of IvCall180 and IvPut180,0.9688,2547,1515,105.7285
analyst4,anl4_qfv4_eps_number,MATRIX,Earnings per share - number of estimations,1.0,1289,993,105.6095
option8,historical_volatility_10,MATRIX,Historical close-to-close volatility for approximately 10 calendar days,0.9808,2737,1200,105.4485
option8,implied_volatility_put_10,MATRIX,"At-the-money implied volatility of put options with 10 calendar days to expiration, annualized decimal",0.9727,2936,1337,105.423
option9,call_breakeven_10,MATRIX,"Price at which a stock's call options with expiration 10 days in the future break even based on its recent bid/ask mean, weighted by open interest or volume",0.9824,2516,1181,105.403
option8,historical_volatility_60,MATRIX,Historical close-to-close volatility for approximately 60 calendar days,0.9805,2715,1186,105.3375
analyst4,anl4_epsr_value,MATRIX,GAAP Earnings per share - announced financial value,0.9904,1864,1010,105.02199999999999
option8,implied_volatility_put_1080,MATRIX,"At-the-money implied volatility of put options with 1080 calendar days to expiration, annualized decimal",0.9727,2387,1297,104.9485
option9,call_breakeven_20,MATRIX,"Open-interest-weighted average breakeven price of call options expiring in 20 days, representing the price at which call buyers break even",0.9824,1821,1152,104.91050000000001
news12,news_pe_ratio,MATRIX,Reported price-to-earnings ratio for the calendar day of the session,0.9662,2977,1341,104.81349999999999
option8,implied_volatility_call_20,MATRIX,Implied volatility of the at-the-money call for the stock with an expiration 20 calendar days from the measurement date,0.9729,2371,1194,104.4455
option8,historical_volatility_150,MATRIX,Historical close-to-close volatility for approximately 150 calendar days,0.9798,2362,1050,104.411
analyst4,anl4_cfo_flag,MATRIX,Cash Flow From Operations - forecast type (revision/new/...),0.8269,5022,3800,104.201
option9,pcr_oi_150,MATRIX,"Ratio of total put option open interest to total call option open interest for options expiring in 150 days, indicating longer-term put-call positioning",0.9838,1515,980,104.0375
analyst4,anl4_afv4_eps_high,MATRIX,Earnings per share - The highest estimation,1.0,1020,694,103.98
analyst4,anl4_afv4_eps_mean,MATRIX,Earnings per share - mean of estimations for annual frequency,1.0,1313,662,103.9665
analyst4,earnings_per_share_estimate_count,MATRIX,Earnings per share - number of estimations,1.0,868,696,103.914
option8,implied_volatility_mean_90,MATRIX,The average of IvCall90 and IvPut90,0.9688,1966,1190,103.813
option8,implied_volatility_mean_150,MATRIX,The average of IvCall150 and IvPut150,0.9688,2070,1177,103.8
option8,historical_volatility_30,MATRIX,Historical close-to-close volatility for approximately 30 calendar days,0.9807,1864,940,103.70200000000001
option8,historical_volatility_90,MATRIX,Historical close-to-close volatility for approximately 90 calendar days,0.9803,2047,927,103.6885
